"SampleName","Marker","Allele1","Allele2","Allele3","Allele4","Allele5","Allele6","Allele7","Allele8","Allele9","Allele10","Allele11","Allele12","Allele13","Allele14","Allele15","Allele16","Height1","Height2","Height3","Height4","Height5","Height6","Height7","Height8","Height9","Height10","Height11","Height12","Height13","Height14","Height15","Height16"
"F6C-30_31_32-A04-M1S30-0.279F6C-Q3.2_01","AMEL","X","Y","","","","","","","","","","","","","","","2919","2513","","","","","","","","","","","","","",""
"F6C-30_31_32-A04-M1S30-0.279F6C-Q3.2_01","D3S1358","11","12","13","14","15","16","17","18","","","","","","","","","32","50","40","219","2218","1976","114","9","","","","","","","",""
"F6C-30_31_32-A04-M1S30-0.279F6C-Q3.2_01","D1S1656","9","10","11","12","13","13.3","14","15","16","21","","","","","","","14","41","611","591","19","9","31","239","638","16","","","","","",""
"F6C-30_31_32-A04-M1S30-0.279F6C-Q3.2_01","D2S441","9.1","10","11","12","13","","","","","","","","","","","","8","315","709","18","92","","","","","","","","","","",""
"F6C-30_31_32-A04-M1S30-0.279F6C-Q3.2_01","D10S1248","11","12","13","14","","","","","","","","","","","","","22","255","13","77","","","","","","","","","","","",""
"F6C-30_31_32-A04-M1S30-0.279F6C-Q3.2_01","D13S317","6","7.1","9","","","","","","","","","","","","","","14","9","15","","","","","","","","","","","","",""
"F6C-30_31_32-A04-M1S30-0.279F6C-Q3.2_01","PENTA E","13","15","20","","","","","","","","","","","","","","45","11","13","","","","","","","","","","","","",""
"F6C-30_31_32-A04-M1S30-0.279F6C-Q3.2_01","D16S539","8","9","10","11","12","13","","","","","","","","","","","30","110","1623","1759","1340","940","","","","","","","","","",""
"F6C-30_31_32-A04-M1S30-0.279F6C-Q3.2_01","D18S51","9","11","11.2","12","13","14","15","16","17","20","23","25","","","","","19","30","30","502","74","621","971","316","596","20","19","10","","","",""
"F6C-30_31_32-A04-M1S30-0.279F6C-Q3.2_01","D2S1338","10","18","19","22","26","","","","","","","","","","","","13","27","273","56","18","","","","","","","","","","",""
"F6C-30_31_32-A04-M1S30-0.279F6C-Q3.2_01","CSF1PO","10","11","12","13.3","","","","","","","","","","","","","73","22","100","10","","","","","","","","","","","",""
"F6C-30_31_32-A04-M1S30-0.279F6C-Q3.2_01","PENTA D","12","15","","","","","","","","","","","","","","","97","15","","","","","","","","","","","","","",""
"F6C-30_31_32-A04-M1S30-0.279F6C-Q3.2_01","TH01","6","7","8","8.3","9","9.3","","","","","","","","","","","180","1186","15","39","521","1995","","","","","","","","","",""
"F6C-30_31_32-A04-M1S30-0.279F6C-Q3.2_01","VWA","10","11","14","15","16","17","18","22","23","","","","","","","","7","10","64","967","757","77","813","7","12","","","","","","",""
"F6C-30_31_32-A04-M1S30-0.279F6C-Q3.2_01","D21S11","25.2","28","29","30","31","31.2","32.1","","","","","","","","","","7","43","592","27","219","214","6","","","","","","","","",""
"F6C-30_31_32-A04-M1S30-0.279F6C-Q3.2_01","D7S820","5","7.3","8.2","11","11.1","12","13","16","","","","","","","","","6","8","9","84","12","20","183","9","","","","","","","",""
"F6C-30_31_32-A04-M1S30-0.279F6C-Q3.2_01","D5S818","10","","","","","","","","","","","","","","","","76","","","","","","","","","","","","","","",""
"F6C-30_31_32-A04-M1S30-0.279F6C-Q3.2_01","TPOX","7.1","","","","","","","","","","","","","","","","7","","","","","","","","","","","","","","",""
"F6C-30_31_32-A04-M1S30-0.279F6C-Q3.2_01","D8S1179","10","11","12","13","13.3","14","16","","","","","","","","","","80","1068","1278","1508","17","1042","195","","","","","","","","",""
"F6C-30_31_32-A04-M1S30-0.279F6C-Q3.2_01","D12S391","15","16","17","18","19","19.3","21","23","24","","","","","","","","165","57","753","340","756","22","88","54","502","","","","","","",""
"F6C-30_31_32-A04-M1S30-0.279F6C-Q3.2_01","D19S433","10","11","14","15","15.2","16","18.2","19.2","","","","","","","","","14","193","223","30","13","224","18","18","","","","","","","",""
"F6C-30_31_32-A04-M1S30-0.279F6C-Q3.2_01","SE33","6","11","17","18","31","39.2","","","","","","","","","","","13","16","11","16","15","14","","","","","","","","","",""
"F6C-30_31_32-A04-M1S30-0.279F6C-Q3.2_01","D22S1045","13","14","","","","","","","","","","","","","","","11","11","","","","","","","","","","","","","",""
"F6C-30_31_32-A04-M1S30-0.279F6C-Q3.2_01","DYS391","8","9","10","11","","","","","","","","","","","","","26","121","1172","998","","","","","","","","","","","",""
"F6C-30_31_32-A04-M1S30-0.279F6C-Q3.2_01","FGA","14","15","16","18","19","20","21","21.2","22","23","26","27","41.2","43.2","44.2","49.2","11","20","13","18","243","91","1376","9","215","284","100","349","10","14","5","10"
"F6C-30_31_32-A04-M1S30-0.279F6C-Q3.2_01","DYS576","11","18","21","22","","","","","","","","","","","","","11","13","10","9","","","","","","","","","","","",""
"F6C-30_31_32-A04-M1S30-0.279F6C-Q3.2_01","DYS570","18","19","20","22.2","23","","","","","","","","","","","","19","138","19","9","11","","","","","","","","","","",""
